﻿<?xml version="1.0"?>
<doc>
<assembly>
<name>
Aplikasi kasir
</name>
</assembly>
<members>
<member name="T:Aplikasi_kasir.My.Resources.Resources">
<summary>
  A strongly-typed resource class, for looking up localized strings, etc.
</summary>
</member>
<member name="P:Aplikasi_kasir.My.Resources.Resources.ResourceManager">
<summary>
  Returns the cached ResourceManager instance used by this class.
</summary>
</member>
<member name="P:Aplikasi_kasir.My.Resources.Resources.Culture">
<summary>
  Overrides the current thread's CurrentUICulture property for all
  resource lookups using this strongly typed resource class.
</summary>
</member>
<member name="T:Aplikasi_kasir.DataSet1">
<summary>
Represents a strongly typed in-memory cache of data.
</summary>
</member>
<member name="T:Aplikasi_kasir.DataSet1.ADMINDataTable">
<summary>
Represents the strongly named DataTable class.
</summary>
</member>
<member name="T:Aplikasi_kasir.DataSet1.ADMINRow">
<summary>
Represents strongly named DataRow class.
</summary>
</member>
<member name="T:Aplikasi_kasir.DataSet1.ADMINRowChangeEvent">
<summary>
Row event argument class
</summary>
</member>
<member name="T:Aplikasi_kasir.DataSet1TableAdapters.ADMINTableAdapter">
<summary>
Represents the connection and commands used to retrieve and save data.
</summary>
</member>
<member name="T:Aplikasi_kasir.DataSet1TableAdapters.TableAdapterManager">
<summary>
TableAdapterManager is used to coordinate TableAdapters in the dataset to enable Hierarchical Update scenarios
</summary>
</member>
<member name="M:Aplikasi_kasir.DataSet1TableAdapters.TableAdapterManager.UpdateUpdatedRows(Aplikasi_kasir.DataSet1,System.Collections.Generic.List{System.Data.DataRow},System.Collections.Generic.List{System.Data.DataRow})">
<summary>
Update rows in top-down order.
</summary>
</member>
<member name="M:Aplikasi_kasir.DataSet1TableAdapters.TableAdapterManager.UpdateInsertedRows(Aplikasi_kasir.DataSet1,System.Collections.Generic.List{System.Data.DataRow})">
<summary>
Insert rows in top-down order.
</summary>
</member>
<member name="M:Aplikasi_kasir.DataSet1TableAdapters.TableAdapterManager.UpdateDeletedRows(Aplikasi_kasir.DataSet1,System.Collections.Generic.List{System.Data.DataRow})">
<summary>
Delete rows in bottom-up order.
</summary>
</member>
<member name="M:Aplikasi_kasir.DataSet1TableAdapters.TableAdapterManager.GetRealUpdatedRows(System.Data.DataRow[],System.Collections.Generic.List{System.Data.DataRow})">
<summary>
Remove inserted rows that become updated rows after calling TableAdapter.Update(inserted rows) first
</summary>
</member>
<member name="M:Aplikasi_kasir.DataSet1TableAdapters.TableAdapterManager.UpdateAll(Aplikasi_kasir.DataSet1)">
<summary>
Update all changes to the dataset.
</summary>
</member>
<member name="T:Aplikasi_kasir.DataSet1TableAdapters.TableAdapterManager.UpdateOrderOption">
<summary>
Update Order Option
</summary>
</member>
<member name="T:Aplikasi_kasir.DataSet1TableAdapters.TableAdapterManager.SelfReferenceComparer">
<summary>
Used to sort self-referenced table's rows
</summary>
</member>
</members>
</doc>
